population,n_responder_samples,n_non_responder_samples,responder_mean_percentage,non_responder_mean_percentage,mean_difference_percentage_points,responder_median_percentage,non_responder_median_percentage,median_difference_percentage_points,mann_whitney_u_statistic,rank_biserial_correlation,p_value,p_value_adj_bh,significant_at_fdr_0_05
cd4_t_cell,993,975,30.53780906344411,29.902260307692305,0.635548755751806,30.2206,29.6576,0.5630000000000024,515277.5,0.06443050068427714,0.013339773203683436,0.06669886601841718,False
b_cell,993,975,9.797553373615308,9.99631835897436,-0.19876498535905185,9.4323,9.7884,-0.35609999999999964,459968.0,-0.04982467012678493,0.05567186466219834,0.13917966165549583,False
nk_cell,993,975,14.840943605236655,15.073167487179486,-0.23222388194283106,14.5093,14.7991,-0.2897999999999996,464546.5,-0.04036666924884447,0.12106031279217618,0.20176718798696028,False
monocyte,993,975,19.94176455186304,20.08432779487179,-0.14256324300874823,19.6097,19.9423,-0.33259999999999934,466509.0,-0.03631265008908513,0.1631261907294168,0.203907738411771,False
cd8_t_cell,993,975,24.881933635448135,24.943925743589745,-0.06199210814160949,24.728,24.6031,0.12490000000000023,478175.5,-0.012212668164329754,0.6390575277665635,0.6390575277665635,False
